{
  "M": 3,
  "N": 100,
  "x0": [
    0, 2, -1
  ],
  "X": [
    [0.608522, 4.523937, -1.213269], [-1.100340, 1.717995, 1.216851],
    [0.907243, 4.090955, -2.601180], [-0.459248, 5.286839, 0.967676],
    [-2.238569, 1.619051, 0.805592], [-0.254692, 3.912015, 0.255155],
    [-0.812237, 4.531217, -0.202633], [-0.198299, 4.652117, -2.816685],
    [-0.110434, 3.012779, 0.740889], [1.949409, 0.099542, -3.728682],
    [-4.256711, -1.630418, 3.118961], [4.220311, 0.943876, -4.729621],
    [2.169745, 0.921366, -3.978120], [-3.356227, -0.912361, 1.908738],
    [-4.633703, 0.575928, 4.140648], [0.309642, 5.771694, 0.913461],
    [2.976850, -0.638093, -2.928711], [1.039894, 3.925083, -1.904418],
    [-0.445340, 5.943379, -1.928092], [-1.126765, 1.762489, -1.757014],
    [-4.029812, 0.956855, 3.419753], [-2.054125, -2.060823, 1.851903],
    [1.236093, 0.701136, -2.797659], [-0.108315, 4.767620, -1.884732],
    [0.648976, 3.510897, -2.578833], [-1.799139, 1.463486, 0.612964],
    [1.584822, 1.470886, -2.515080], [-0.728573, 5.809706, 1.515089],
    [-0.900935, 3.927979, 0.279707], [-0.416157, 3.501460, -0.957918],
    [4.292351, -0.095997, -4.683472], [2.020347, 0.150212, -2.850894],
    [-1.451130, 1.120878, 1.231683], [-0.510480, 7.098177, -0.526673],
    [1.942618, 1.248688, -3.154924], [3.800572, -2.209991, -4.574729],
    [-1.013159, 4.117045, -0.019127], [0.696202, 3.453109, -2.013209],
    [2.413100, 1.038477, -2.824125], [-1.109786, 3.014773, 0.406799],
    [1.792731, 1.191022, -3.217938], [1.728705, 1.398100, -3.916014],
    [-0.635582, 6.568411, 0.715334], [0.810953, 4.477041, -0.941653],
    [-1.069897, 6.066880, 0.217535], [0.686819, 2.256965, -2.884042],
    [-2.929787, 1.339995, 0.730474], [-1.715661, 1.027075, -0.382395],
    [0.224044, 1.926318, -1.109231], [-0.080724, 4.148897, -1.483574],
    [1.254077, 2.064577, -3.328988], [-3.850603, -2.073843, 5.025120],
    [-3.172285, -0.319249, 2.830019], [2.401422, 0.137526, -2.180040],
    [-2.200748, 0.806180, 1.183484], [1.864080, 1.283475, -0.979642],
    [-1.253295, 6.579556, -0.928637], [-1.452363, 4.691053, -0.296871],
    [1.676716, 2.520880, -4.112915], [0.206466, 6.675465, 0.045659],
    [-0.362306, 4.427619, -1.345846], [2.299673, 0.256240, -3.795914],
    [0.268750, 4.977036, -0.580857], [-1.059502, 3.033086, -0.279620],
    [0.545579, 6.220928, -1.931763], [-2.373465, 0.224792, 0.649319],
    [2.328374, 1.701407, -4.367405], [0.126142, 3.442209, -2.122519],
    [0.119665, 5.304590, -2.787035], [-1.092645, 3.204018, 0.221535],
    [-3.243951, 2.843787, 2.684053], [-3.270061, -0.751946, 4.597550],
    [-1.186092, 2.179126, 0.300057], [1.959061, 1.715324, -3.224113],
    [1.235928, 4.152216, -1.974203], [-2.597972, -1.001948, 1.727635],
    [-0.416502, 7.237751, -0.452722], [2.278789, 0.919385, -3.941404],
    [3.053279, -3.053980, -2.082441], [-2.499473, -3.616267, 3.029635],
    [0.573277, 3.690950, -1.470774], [0.686691, 2.468837, -1.321302],
    [1.420916, 1.242773, -2.673637], [-0.740451, 3.702616, -0.658349],
    [1.867058, -0.154931, -2.447768], [0.949549, 3.794018, -1.884348],
    [-0.828483, 4.489934, -1.157857], [6.066433, 2.868394, -6.264665],
    [-1.675920, 1.210429, 0.358216], [-0.486353, 4.517126, -0.478259],
    [-3.148158, -1.668119, 0.873556], [1.188730, 2.854311, -2.329085],
    [-0.668111, 5.322376, -0.454351], [-1.640807, 1.868150, 0.930859],
    [-0.034015, 2.438960, -2.222721], [6.275273, 5.540400, -8.346076],
    [-0.454522, 4.404316, 2.158436], [1.319745, 2.591975, -3.052576],
    [1.088936, 3.664042, -3.144060], [1.007674, 5.317974, -3.120248]
   ],
  "y": [
    12.5979605679208, 72.4365143925198, 4.9083679377149, 43.4130074603847, 80.7997814046909, 35.1743238292875, 35.0825267272652, 8.35100836204944, 42.7840361611394, 1.36325661226419, 219.068258273232, 31.7526037550637, 4.41207981924806,
    145.302059745438, 257.971570115353, 27.7855627269194, 12.1367377375291, 7.32884165965262, 17.5330062749366, 15.7742349721585,
    208.585830870455, 129.020240216104, 2.43070003029122, 13.132605790459, 4.49305483844234, 70.2565653666327, 4.07253402141562,
    52.7079291383856, 44.183964456752, 22.7510336510785, 31.8978208561757, 4.70185849223332, 81.325180747388, 29.1156786233861,
    3.83480493303557, 22.6392404453285, 40.2838918071852, 7.39379958136533, 5.28907144737057, 51.2537805171311, 3.33552200718939,
    1.1711588022725, 39.6684507251656, 12.4328457212714, 42.7777046410864, 2.48247339705992, 90.6093773242094, 46.3716911429442,
    18.1714454112314, 14.9865497573223, 0.276564836728407, 302.638407265753, 171.927125340188, 9.66734982583635, 94.1784725337269,
    14.5227682255717, 34.0720961755612, 41.5755710131371, 3.36917657878797, 21.0181274647858, 18.7710767326467, 4.33903887408966,
    18.2804541770747, 38.0574548148327, 12.6372902988313, 82.7222013555676, 8.88978377263224, 8.91629818250989, 9.83321496658544,
    47.6488953445901, 149.575638574643, 250.549232521269, 52.2598851002436, 4.19057258355584, 7.42949996991276, 126.669295135108,
    27.2298693410387, 4.96223443942482, 25.9232249381075, 195.918048136755, 11.5361871859756, 12.5398964622637, 3.70800395159372,
    29.1287033861767, 8.19668372337071, 7.71523283329511, 23.9821437557835, 92.3888421140611, 62.5150266586071, 28.2626505321804,
    107.386755200542, 5.07079077983615, 30.2662961583862, 74.1100392925698, 7.11452794047561, 172.944151373448, 63.281526346813,
    2.69303710871817, 4.81130813358664, 9.64003916227308
  ]
}
